{
  "main": {
    "id": "a498c99e33432244",
    "type": "split",
    "children": [
      {
        "id": "602dfe996dbd8afd",
        "type": "tabs",
        "children": [
          {
            "id": "8cb443284284b477",
            "type": "leaf",
            "state": {
              "type": "markdown",
              "state": {
                "file": "DustBoy/grafana.md",
                "mode": "source",
                "backlinks": true,
                "source": false
              }
            }
          }
        ]
      }
    ],
    "direction": "vertical"
  },
  "left": {
    "id": "1e332c63df6d5421",
    "type": "split",
    "children": [
      {
        "id": "f2d7af74daee58d1",
        "type": "tabs",
        "children": [
          {
            "id": "bf9fa14c88304ad3",
            "type": "leaf",
            "state": {
              "type": "file-explorer",
              "state": {
                "sortOrder": "alphabetical"
              }
            }
          },
          {
            "id": "790a84bc29f22755",
            "type": "leaf",
            "state": {
              "type": "search",
              "state": {
                "query": "",
                "matchingCase": false,
                "explainSearch": false,
                "collapseAll": false,
                "extraContext": false,
                "sortOrder": "alphabetical"
              }
            }
          },
          {
            "id": "370c7a49142ffaa7",
            "type": "leaf",
            "state": {
              "type": "bookmarks",
              "state": {}
            }
          }
        ]
      }
    ],
    "direction": "horizontal",
    "width": 300
  },
  "right": {
    "id": "874b3fc4d17c4b4f",
    "type": "split",
    "children": [
      {
        "id": "35af123425f6dacd",
        "type": "tabs",
        "children": [
          {
            "id": "f7b1c4d252baf0eb",
            "type": "leaf",
            "state": {
              "type": "backlink",
              "state": {
                "file": "DustBoy/grafana.md",
                "collapseAll": false,
                "extraContext": false,
                "sortOrder": "alphabetical",
                "showSearch": false,
                "searchQuery": "",
                "backlinkCollapsed": false,
                "unlinkedCollapsed": true
              }
            }
          },
          {
            "id": "74f29ac982f67ff8",
            "type": "leaf",
            "state": {
              "type": "outgoing-link",
              "state": {
                "file": "DustBoy/grafana.md",
                "linksCollapsed": false,
                "unlinkedCollapsed": true
              }
            }
          },
          {
            "id": "4c987944d15145df",
            "type": "leaf",
            "state": {
              "type": "tag",
              "state": {
                "sortOrder": "frequency",
                "useHierarchy": true
              }
            }
          },
          {
            "id": "4f3f12081731a023",
            "type": "leaf",
            "state": {
              "type": "outline",
              "state": {
                "file": "DustBoy/grafana.md"
              }
            }
          },
          {
            "id": "146d636640981351",
            "type": "leaf",
            "state": {
              "type": "copilot-chat-view",
              "state": {}
            }
          }
        ],
        "currentTab": 3
      }
    ],
    "direction": "horizontal",
    "width": 300
  },
  "left-ribbon": {
    "hiddenItems": {
      "switcher:Open quick switcher": false,
      "graph:Open graph view": false,
      "canvas:Create new canvas": false,
      "daily-notes:Open today's daily note": false,
      "templates:Insert template": false,
      "command-palette:Open command palette": false,
      "table-editor-obsidian:Advanced Tables Toolbar": false
    }
  },
  "active": "8cb443284284b477",
  "lastOpenFiles": [
    "Daily/2024-03-13.md",
    "DustBoy/grafana.md",
    "Cat Lab/Mashing calculations 1.md",
    "Cat Lab/Mashing calculations.md",
    "Daily/2024-05-30.md",
    "Cat Lab",
    "DustBoy/Model N Mini.md",
    "DustBoy",
    "Untitled 1.canvas",
    "Untitled.md",
    "Untitled.canvas",
    "Daily"
  ]
}